ID,NAME
1,JAMES
2,JOSEPHINE
3,ART
4,LENNA
5,DONETTE
6,SIMONA
7,MITSUE
8,LEOTA
9,SAGE
10,KRIS
11,MINNA
12,ABEL
13,KILEY
14,GRACIELA
15,CAMMY
16,MATTIE
17,MEAGHAN
18,GLADYS
19,YUKI
20,FLETCHER
21,BETTE
22,VERONIKA
23,WILLARD
24,MARYANN
25,ALISHA
26,ALLENE
27,CHANEL
28,EZEKIEL
29,WILLOW
30,BERNARDO
31,AMMIE
32,FRANCINE
33,ERNIE
34,ALBINA
35,ALISHIA
36,SOLANGE
37,JOSE
38,ROZELLA
39,VALENTINE
40,KATI
41,YOULANDA
42,DYAN
43,ROXANE
44,LAVERA
45,ERICK
46,FATIMA
47,JINA
48,KANISHA
49,EMERSON
50,BLAIR
51,BROCK
52,LORRIE
53,SABRA
54,MARJORY
55,KARL
56,TONETTE
57,AMBER
58,SHENIKA
59,DELMY
60,DEEANNA
61,BLONDELL
62,JAMAL
63,CECILY
64,CARMELINA
65,MAURINE
66,TAWNA
67,PENNEY
68,ELLY
69,ILENE
70,VALLIE
71,KALLIE
72,JOHNETTA
73,BOBBYE
74,MICAELA
75,TAMAR
76,MOON
77,LAUREL
78,DELISA
79,VIVA
80,ELZA
81,DEVORAH
82,TIMOTHY
83,ARLETTE
84,DOMINQUE
85,LETTIE
86,MYRA
87,STEPHAINE
88,LAI
89,STEPHEN
90,TYRA
91,TAMMARA
92,CORY
93,DANICA
94,WILDA
95,ELVERA
96,CARMA
97,MALINDA
98,NATALIE
99,LISHA
100,ARLENE
101,ALEASE
102,LOUISA
103,ANGELLA
104,CYNDY
105,ROSIO
106,CELESTE
107,TWANA
108,ESTRELLA
109,DONTE
110,TIFFINY
111,EDNA
112,SUE
113,JESUSA
114,ROLLAND
115,PAMELLA
116,GLORY
117,SHAWNA
118,BRANDON
119,SCARLET
120,ORETHA
121,TY
122,XUAN
123,LINDSEY
124,DEVORA
125,HERMAN
126,RORY
127,TALIA
128,VAN
129,LUCINA
130,BOK
131,ROLANDE
132,HOWARD
133,KIMBERY
134,THURMAN
135,BECKY
136,BEATRIZ
137,MARTI
138,NIEVES
139,LEATHA
140,VALENTIN
141,MELISSA
142,SHERIDAN
143,BULAH
144,AUDRA
145,DAREN
146,FERNANDA
147,GEARLDINE
148,CHAU
149,THEOLA
150,CHERYL
151,LATICIA
152,CARISSA
153,LEZLIE
154,OZELL
155,ARMINDA
156,REITA
157,YOLANDO
158,LIZETTE
159,GREGORIA
160,CARIN
161,CHANTELL
162,DIERDRE
163,LARAE
164,LATRICE
165,KERRY
166,DORTHY
167,FANNIE
168,EVANGELINA
169,NOVELLA
170,CLAY
171,JENNIFER
172,IRMA
173,EUN
174,SYLVIA
175,NANA
176,LAYLA
177,JOESPH
178,ANNABELLE
179,STEPHAINE
180,NELIDA
181,MARGUERITA
182,CARMELA
183,JUNITA
184,CLARIBEL
185,BENTON
186,HILLARY
187,MERILYN
188,TERI
189,MERLYN
190,GEORGENE
191,JETTIE
192,LEMUEL
193,MELODIE
194,CANDIDA
195,KARAN
196,ANDRA
197,FELICIDAD
198,BELEN
199,GRACIA
200,JOLANDA
201,BARRETT
202,HELGA
203,ASHLYN
204,FAUSTO
205,RONNY
206,MARGE
207,NORAH
208,ALIZA
209,MOZELL
210,VIOLA
211,FRANKLYN
212,WILLODEAN
213,BECKIE
214,REBECKA
215,FREDERICA
216,GLEN
217,FREEMAN
218,VINCENT
219,RIMA
220,GLENDORA
221,AVERY
222,CRISTY
223,NICOLETTE
224,TRACEY
225,VIRGINA
226,TIERA
227,ALAINE
228,EARLEEN
229,LEONIDA
230,RESSIE
231,JUSTINE
232,ELADIA
233,CHAYA
234,GWENN
235,SALENA
236,YOKO
237,TARYN
238,KATINA
239,RICKIE
240,ALEX
241,LASHON
242,LAURAN
243,CEOLA
244,MY
245,LORRINE
246,PEGGIE
247,MARVEL
248,DARON
249,AN
250,PORTIA
251,RHEA
252,BENEDICT
253,ALYCE
254,HEIKE
255,CAREY
256,DOTTIE
257,DEANDREA
258,KIMBERLIE
259,MARTINA
260,SKYE
261,JADE
262,CHARLENE
263,GEOFFREY
264,STEVIE
265,PAMELLA
266,HARRISON
267,JOHNNA
268,BUDDY
269,DALENE
270,JERRY
271,HAYDEE
272,JOSEPH
273,DEONNA
274,RAYMON
275,ALECIA
276,MA
277,DETRA
278,TERRILYN
279,SALOME
280,GARRY
281,MATTHEW
282,THEODORA
283,NOAH
284,CARMEN
285,LAVONDA
286,JUNITA
287,HERMINIA
288,CASIE
289,REENA
290,MIRTA
291,CATHRINE
292,FILIBERTO
293,RAUL
294,SARAH
295,LUCY
296,JUDY
297,YVONNE
298,KAYLEIGH
299,FELIX
300,TRESA
301,KRISTEEN
302,JENELLE
303,RENEA
304,OLIVE
305,LIGIA
306,CHRISTIANE
307,GOLDIE
308,LORETA
309,FABIOLA
310,AMIE
311,RAINA
312,ERINN
313,CHERRY
314,KATTIE
315,LILLI
316,WHITLEY
317,BARBRA
318,HERMILA
319,JESUSITA
320,CAITLIN
321,ROOSEVELT
322,HELAINE
323,LOREAN
324,FRANCE
325,JUSTINE
326,ADELINA
327,DERICK
328,JERRY
329,LEOTA
330,JUTTA
331,AJA
332,KIRK
333,LEONORA
334,WINFRED
335,TARRA
336,CORINNE
337,DULCE
338,KATE
339,KAITLYN
340,SHERITA
341,LASHAWNDA
342,ERNEST
343,NOBUKO
344,LAVONNA
345,LASHAUNDA
346,MARIANN
347,HELENE
348,ROSELLE
349,SAMIRA
350,MARGART
351,KRISTOFER
352,WELDON
353,SHALON
354,DENISE
355,LOUVENIA
356,AUDRY
357,KRISTEL
358,VINCENZA
359,ELOUISE
360,VENITA
361,KASANDRA
362,XOCHITL
363,MAILE
364,KRISSY
365,PETE
366,LINN
367,PARIS
368,WYNELL
369,QUENTIN
370,REGENIA
371,SHERON
372,IZETTA
373,RODOLFO
374,ZONA
375,SERINA
376,PAZ
377,MARKUS
378,JACLYN
379,CYRIL
380,GAYLA
381,ERICK
382,JENNIE
383,MITSUE
384,CIARA
385,GALEN
386,TRUMAN
387,GAIL
388,DALENE
389,GERTUDE
390,LIZBETH
391,GLENN
392,LASHANDRA
393,LENNA
394,LAUREL
395,MIREYA
396,ANNELLE
397,DEAN
398,LEVI
399,SYLVIE
400,SHAREE
401,CORDELIA
402,MOLLIE
403,BRETT
404,TEDDY
405,TASIA
406,HUBERT
407,ARTHUR
408,VILMA
409,BILLYE
410,GLENNA
411,MITZIE
412,BERNARDINE
413,STACI
414,NICHELLE
415,JANINE
416,ETTIE
417,EDEN
418,LYNELLE
419,MERISSA
420,GOLDA
421,CATARINA
422,VIRGIE
423,JOLENE
424,KENETH
425,RIKKI
426,ELKE
427,HOA
428,TRINIDAD
429,MARI
430,SELMA
431,ANTIONE
432,LUISA
433,CLORINDA
434,DICK
435,AHMED
436,ILUMINADA
437,JOANNA
438,CAPRICE
439,STEPHANE
440,QUENTIN
441,ANNMARIE
442,SHONDA
443,CECIL
444,JEANICE
445,JOSPHINE
446,DANIEL
447,CASSI
448,BRITT
449,ADELL
450,JACQUELINE
451,LONNY
452,LONNA
453,CRISTAL
454,KENNETH
455,ELLI
456,ALLINE
457,SHARIKA
458,NU
459,DANIELA
460,CECILIA
461,LESLIE
462,NAN
463,IZETTA
464,TEGAN
465,RUTHANN
466,JONI
467,VI
468,COLETTE
469,MALCOLM
470,RYAN
471,JESS
472,SHAREN
473,NICKOLAS
474,GARY
475,DIANE
476,ROSLYN
477,GLORY
478,RASHEEDA
479,ALPHA
480,REFUGIA
481,SHAWNDA
482,MONA
483,GILMA
484,JANEY
485,LILI
486,LOREN
487,DOROTHY
488,GAIL
489,CATALINA
490,LAWRENCE
491,CARLEE
492,THADDEUS
493,JOVITA
494,ALESIA
495,LAI
496,BRITTNI
497,RAYLENE
498,FLO
499,JANI
500,CHAUNCEY
