ID,SURNAME
1,SMITH
2,JOHNSON
3,WILLIAMS
4,BROWN
5,JONES
6,MILLER
7,DAVIS
8,GARCIA
9,RODRIGUEZ
10,WILSON
11,MARTINEZ
12,ANDERSON
13,TAYLOR
14,THOMAS
15,HERNANDEZ
16,MOORE
17,MARTIN
18,JACKSON
19,THOMPSON
20,WHITE
21,LOPEZ
22,LEE
23,GONZALEZ
24,HARRIS
25,CLARK
26,LEWIS
27,ROBINSON
28,WALKER
29,PEREZ
30,HALL
31,YOUNG
32,ALLEN
33,SANCHEZ
34,WRIGHT
35,KING
36,SCOTT
37,GREEN
38,BAKER
39,ADAMS
40,NELSON
41,HILL
42,RAMIREZ
43,CAMPBELL
44,MITCHELL
45,ROBERTS
46,CARTER
47,PHILLIPS
48,EVANS
49,TURNER
50,TORRES
51,PARKER
52,COLLINS
53,EDWARDS
54,STEWART
55,FLORES
56,MORRIS
57,NGUYEN
58,MURPHY
59,RIVERA
60,COOK
61,ROGERS
62,MORGAN
63,PETERSON
64,COOPER
65,REED
66,BAILEY
67,BELL
68,GOMEZ
69,KELLY
70,HOWARD
71,WARD
72,COX
73,DIAZ
74,RICHARDSON
75,WOOD
76,WATSON
77,BROOKS
78,BENNETT
79,GRAY
80,JAMES
81,REYES
82,CRUZ
83,HUGHES
84,PRICE
85,MYERS
86,LONG
87,FOSTER
88,SANDERS
89,ROSS
90,MORALES
91,POWELL
92,SULLIVAN
93,RUSSELL
94,ORTIZ
95,JENKINS
96,GUTIERREZ
97,PERRY
98,BUTLER
99,BARNES
100,FISHER
101,HENDERSON
102,COLEMAN
103,SIMMONS
104,PATTERSON
105,JORDAN
106,REYNOLDS
107,HAMILTON
108,GRAHAM
109,KIM
110,GONZALES
111,ALEXANDER
112,RAMOS
113,WALLACE
114,GRIFFIN
115,WEST
116,COLE
117,HAYES
118,CHAVEZ
119,GIBSON
120,BRYANT
121,ELLIS
122,STEVENS
123,MURRAY
124,FORD
125,MARSHALL
126,OWENS
127,MCDONALD
128,HARRISON
129,RUIZ
130,KENNEDY
131,WELLS
132,ALVAREZ
133,WOODS
134,MENDOZA
135,CASTILLO
136,OLSON
137,WEBB
138,WASHINGTON
139,TUCKER
140,FREEMAN
141,BURNS
142,HENRY
143,VASQUEZ
144,SNYDER
145,SIMPSON
146,CRAWFORD
147,JIMENEZ
148,PORTER
149,MASON
150,SHAW
151,GORDON
152,WAGNER
153,HUNTER
154,ROMERO
155,HICKS
156,DIXON
157,HUNT
158,PALMER
159,ROBERTSON
160,BLACK
161,HOLMES
162,STONE
163,MEYER
164,BOYD
165,MILLS
166,WARREN
167,FOX
168,ROSE
169,RICE
170,MORENO
171,SCHMIDT
172,PATEL
173,FERGUSON
174,NICHOLS
175,HERRERA
176,MEDINA
177,RYAN
178,FERNANDEZ
179,WEAVER
180,DANIELS
181,STEPHENS
182,GARDNER
183,PAYNE
184,KELLEY
185,DUNN
186,PIERCE
187,ARNOLD
188,TRAN
189,SPENCER
190,PETERS
191,HAWKINS
192,GRANT
193,HANSEN
194,CASTRO
195,HOFFMAN
196,HART
197,ELLIOTT
198,CUNNINGHAM
199,KNIGHT
200,BRADLEY
201,CARROLL
202,HUDSON
203,DUNCAN
204,ARMSTRONG
205,BERRY
206,ANDREWS
207,JOHNSTON
208,RAY
209,LANE
210,RILEY
211,CARPENTER
212,PERKINS
213,AGUILAR
214,SILVA
215,RICHARDS
216,WILLIS
217,MATTHEWS
218,CHAPMAN
219,LAWRENCE
220,GARZA
221,VARGAS
222,WATKINS
223,WHEELER
224,LARSON
225,CARLSON
226,HARPER
227,GEORGE
228,GREENE
229,BURKE
230,GUZMAN
231,MORRISON
232,MUNOZ
233,JACOBS
234,OBRIEN
235,LAWSON
236,FRANKLIN
237,LYNCH
238,BISHOP
239,CARR
240,SALAZAR
241,AUSTIN
242,MENDEZ
243,GILBERT
244,JENSEN
245,WILLIAMSON
246,MONTGOMERY
247,HARVEY
248,OLIVER
249,HOWELL
250,DEAN
251,HANSON
252,WEBER
253,GARRETT
254,SIMS
255,BURTON
256,FULLER
257,SOTO
258,MCCOY
259,WELCH
260,CHEN
261,SCHULTZ
262,WALTERS
263,REID
264,FIELDS
265,WALSH
266,LITTLE
267,FOWLER
268,BOWMAN
269,DAVIDSON
270,MAY
271,DAY
272,SCHNEIDER
273,NEWMAN
274,BREWER
275,LUCAS
276,HOLLAND
277,WONG
278,BANKS
279,SANTOS
280,CURTIS
281,PEARSON
282,DELGADO
283,VALDEZ
284,PENA
285,RIOS
286,DOUGLAS
287,SANDOVAL
288,BARRETT
289,HOPKINS
290,KELLER
291,GUERRERO
292,STANLEY
293,BATES
294,ALVARADO
295,BECK
296,ORTEGA
297,WADE
298,ESTRADA
299,CONTRERAS
300,BARNETT
301,CALDWELL
302,SANTIAGO
303,LAMBERT
304,POWERS
305,CHAMBERS
306,NUNEZ
307,CRAIG
308,LEONARD
309,LOWE
310,RHODES
311,BYRD
312,GREGORY
313,SHELTON
314,FRAZIER
315,BECKER
316,MALDONADO
317,FLEMING
318,VEGA
319,SUTTON
320,COHEN
321,JENNINGS
322,PARKS
323,MCDANIEL
324,WATTS
325,BARKER
326,NORRIS
327,VAUGHN
328,VAZQUEZ
329,HOLT
330,SCHWARTZ
331,STEELE
332,BENSON
333,NEAL
334,DOMINGUEZ
335,HORTON
336,TERRY
337,WOLFE
338,HALE
339,LYONS
340,GRAVES
341,HAYNES
342,MILES
343,PARK
344,WARNER
345,PADILLA
346,BUSH
347,THORNTON
348,MCCARTHY
349,MANN
350,ZIMMERMAN
351,ERICKSON
352,FLETCHER
353,MCKINNEY
354,PAGE
355,DAWSON
356,JOSEPH
357,MARQUEZ
358,REEVES
359,KLEIN
360,ESPINOZA
361,BALDWIN
362,MORAN
363,LOVE
364,ROBBINS
365,HIGGINS
366,BALL
367,CORTEZ
368,LE
369,GRIFFITH
370,BOWEN
371,SHARP
372,CUMMINGS
373,RAMSEY
374,HARDY
375,SWANSON
376,BARBER
377,ACOSTA
378,LUNA
379,CHANDLER
380,BLAIR
381,DANIEL
382,CROSS
383,SIMON
384,DENNIS
385,OCONNOR
386,QUINN
387,GROSS
388,NAVARRO
389,MOSS
390,FITZGERALD
391,DOYLE
392,MCLAUGHLIN
393,ROJAS
394,RODGERS
395,STEVENSON
396,SINGH
397,YANG
398,FIGUEROA
399,HARMON
400,NEWTON
401,PAUL
402,MANNING
403,GARNER
404,MCGEE
405,REESE
406,FRANCIS
407,BURGESS
408,ADKINS
409,GOODMAN
410,CURRY
411,BRADY
412,CHRISTENSEN
413,POTTER
414,WALTON
415,GOODWIN
416,MULLINS
417,MOLINA
418,WEBSTER
419,FISCHER
420,CAMPOS
421,AVILA
422,SHERMAN
423,TODD
424,CHANG
425,BLAKE
426,MALONE
427,WOLF
428,HODGES
429,JUAREZ
430,GILL
431,FARMER
432,HINES
433,GALLAGHER
434,DURAN
435,HUBBARD
436,CANNON
437,MIRANDA
438,WANG
439,SAUNDERS
440,TATE
441,MACK
442,HAMMOND
443,CARRILLO
444,TOWNSEND
445,WISE
446,INGRAM
447,BARTON
448,MEJIA
449,AYALA
450,SCHROEDER
451,HAMPTON
452,ROWE
453,PARSONS
454,FRANK
455,WATERS
456,STRICKLAND
457,OSBORNE
458,MAXWELL
459,CHAN
460,DELEON
461,NORMAN
462,HARRINGTON
463,CASEY
464,PATTON
465,LOGAN
466,BOWERS
467,MUELLER
468,GLOVER
469,FLOYD
470,HARTMAN
471,BUCHANAN
472,COBB
473,FRENCH
474,KRAMER
475,MCCORMICK
476,CLARKE
477,TYLER
478,GIBBS
479,MOODY
480,CONNER
481,SPARKS
482,MCGUIRE
483,LEON
484,BAUER
485,NORTON
486,POPE
487,FLYNN
488,HOGAN
489,ROBLES
490,SALINAS
491,YATES
492,LINDSEY
493,LLOYD
494,MARSH
495,MCBRIDE
496,OWEN
497,SOLIS
498,PHAM
499,LANG
500,PRATT
501,LARA
502,BROCK
503,BALLARD
504,TRUJILLO
505,SHAFFER
506,DRAKE
507,ROMAN
508,AGUIRRE
509,MORTON
510,STOKES
511,LAMB
512,PACHECO
513,PATRICK
514,COCHRAN
515,SHEPHERD
516,CAIN
517,BURNETT
518,HESS
519,LI
520,CERVANTES
521,OLSEN
522,BRIGGS
523,OCHOA
524,CABRERA
525,VELASQUEZ
526,MONTOYA
527,ROTH
528,MEYERS
529,CARDENAS
530,FUENTES
531,WEISS
532,HOOVER
533,WILKINS
534,NICHOLSON
535,UNDERWOOD
536,SHORT
537,CARSON
538,MORROW
539,COLON
540,HOLLOWAY
541,SUMMERS
542,BRYAN
543,PETERSEN
544,MCKENZIE
545,SERRANO
546,WILCOX
547,CAREY
548,CLAYTON
549,POOLE
550,CALDERON
551,GALLEGOS
552,GREER
553,RIVAS
554,GUERRA
555,DECKER
556,COLLIER
557,WALL
558,WHITAKER
559,BASS
560,FLOWERS
561,DAVENPORT
562,CONLEY
563,HOUSTON
564,HUFF
565,COPELAND
566,HOOD
567,MONROE
568,MASSEY
569,ROBERSON
570,COMBS
571,FRANCO
572,LARSEN
573,PITTMAN
574,RANDALL
575,SKINNER
576,WILKINSON
577,KIRBY
578,CAMERON
579,BRIDGES
580,ANTHONY
581,RICHARD
582,KIRK
583,BRUCE
584,SINGLETON
585,MATHIS
586,BRADFORD
587,BOONE
588,ABBOTT
589,CHARLES
590,ALLISON
591,SWEENEY
592,ATKINSON
593,HORN
594,JEFFERSON
595,ROSALES
596,YORK
597,CHRISTIAN
598,PHELPS
599,FARRELL
600,CASTANEDA
601,NASH
602,DICKERSON
603,BOND
604,WYATT
605,FOLEY
606,CHASE
607,GATES
608,VINCENT
609,MATHEWS
610,HODGE
611,GARRISON
612,TREVINO
613,VILLARREAL
614,HEATH
615,DALTON
616,VALENCIA
617,CALLAHAN
618,HENSLEY
619,ATKINS
620,HUFFMAN
621,ROY
622,BOYER
623,SHIELDS
624,LIN
625,HANCOCK
626,GRIMES
627,GLENN
628,CLINE
629,DELACRUZ
630,CAMACHO
631,DILLON
632,PARRISH
633,ONEILL
634,MELTON
635,BOOTH
636,KANE
637,BERG
638,HARRELL
639,PITTS
640,SAVAGE
641,WIGGINS
642,BRENNAN
643,SALAS
644,MARKS
645,RUSSO
646,SAWYER
647,BAXTER
648,GOLDEN
649,HUTCHINSON
650,LIU
651,WALTER
652,MCDOWELL
653,WILEY
654,RICH
655,HUMPHREY
656,JOHNS
657,KOCH
658,SUAREZ
659,HOBBS
660,BEARD
661,GILMORE
662,IBARRA
663,KEITH
664,MACIAS
665,KHAN
666,ANDRADE
667,WARE
668,STEPHENSON
669,HENSON
670,WILKERSON
671,DYER
672,MCCLURE
673,BLACKWELL
674,MERCADO
675,TANNER
676,EATON
677,CLAY
678,BARRON
679,BEASLEY
680,ONEAL
681,PRESTON
682,SMALL
683,WU
684,ZAMORA
685,MACDONALD
686,VANCE
687,SNOW
688,MCCLAIN
689,STAFFORD
690,OROZCO
691,BARRY
692,ENGLISH
693,SHANNON
694,KLINE
695,JACOBSON
696,WOODARD
697,HUANG
698,KEMP
699,MOSLEY
700,PRINCE
701,MERRITT
702,HURST
703,VILLANUEVA
704,ROACH
705,NOLAN
706,LAM
707,YODER
708,MCCULLOUGH
709,LESTER
710,SANTANA
711,VALENZUELA
712,WINTERS
713,BARRERA
714,LEACH
715,ORR
716,BERGER
717,MCKEE
718,STRONG
719,CONWAY
720,STEIN
721,WHITEHEAD
722,BULLOCK
723,ESCOBAR
724,KNOX
725,MEADOWS
726,SOLOMON
727,VELEZ
728,ODONNELL
729,KERR
730,STOUT
731,BLANKENSHIP
732,BROWNING
733,KENT
734,LOZANO
735,BARTLETT
736,PRUITT
737,BUCK
738,BARR
739,GAINES
740,DURHAM
741,GENTRY
742,MCINTYRE
743,SLOAN
744,ROCHA
745,MELENDEZ
746,HERMAN
747,SEXTON
748,MOON
749,HENDRICKS
750,RANGEL
751,STARK
752,LOWERY
753,HARDIN
754,HULL
755,SELLERS
756,ELLISON
757,CALHOUN
758,GILLESPIE
759,MORA
760,KNAPP
761,MCCALL
762,MORSE
763,DORSEY
764,WEEKS
765,NIELSEN
766,LIVINGSTON
767,LEBLANC
768,MCLEAN
769,BRADSHAW
770,GLASS
771,MIDDLETON
772,BUCKLEY
773,SCHAEFER
774,FROST
775,HOWE
776,HOUSE
777,MCINTOSH
778,HO
779,PENNINGTON
780,REILLY
781,HEBERT
782,MCFARLAND
783,HICKMAN
784,NOBLE
785,SPEARS
786,CONRAD
787,ARIAS
788,GALVAN
789,VELAZQUEZ
790,HUYNH
791,FREDERICK
792,RANDOLPH
793,CANTU
794,FITZPATRICK
795,MAHONEY
796,PECK
797,VILLA
798,MICHAEL
799,DONOVAN
800,MCCONNELL
801,WALLS
802,BOYLE
803,MAYER
804,ZUNIGA
805,GILES
806,PINEDA
807,PACE
808,HURLEY
809,MAYS
810,MCMILLAN
811,CROSBY
812,AYERS
813,CASE
814,BENTLEY
815,SHEPARD
816,EVERETT
817,PUGH
818,DAVID
819,MCMAHON
820,DUNLAP
821,BENDER
822,HAHN
823,HARDING
824,ACEVEDO
825,RAYMOND
826,BLACKBURN
827,DUFFY
828,LANDRY
829,DOUGHERTY
830,BAUTISTA
831,SHAH
832,POTTS
833,ARROYO
834,VALENTINE
835,MEZA
836,GOULD
837,VAUGHAN
838,FRY
839,RUSH
840,AVERY
841,HERRING
842,DODSON
843,CLEMENTS
844,SAMPSON
845,TAPIA
846,BEAN
847,LYNN
848,CRANE
849,FARLEY
850,CISNEROS
851,BENTON
852,ASHLEY
853,MCKAY
854,FINLEY
855,BEST
856,BLEVINS
857,FRIEDMAN
858,MOSES
859,SOSA
860,BLANCHARD
861,HUBER
862,FRYE
863,KRUEGER
864,BERNARD
865,ROSARIO
866,RUBIO
867,MULLEN
868,BENJAMIN
869,HALEY
870,CHUNG
871,MOYER
872,CHOI
873,HORNE
874,YU
875,WOODWARD
876,ALI
877,NIXON
878,HAYDEN
879,RIVERS
880,ESTES
881,MCCARTY
882,RICHMOND
883,STUART
884,MAYNARD
885,BRANDT
886,OCONNELL
887,HANNA
888,SANFORD
889,SHEPPARD
890,CHURCH
891,BURCH
892,LEVY
893,RASMUSSEN
894,COFFEY
895,PONCE
896,FAULKNER
897,DONALDSON
898,SCHMITT
899,NOVAK
900,COSTA
901,MONTES
902,BOOKER
903,CORDOVA
904,WALLER
905,ARELLANO
906,MADDOX
907,MATA
908,BONILLA
909,STANTON
910,COMPTON
911,KAUFMAN
912,DUDLEY
913,MCPHERSON
914,BELTRAN
915,DICKSON
916,MCCANN
917,VILLEGAS
918,PROCTOR
919,HESTER
920,CANTRELL
921,DAUGHERTY
922,CHERRY
923,BRAY
924,DAVILA
925,ROWLAND
926,LEVINE
927,MADDEN
928,SPENCE
929,GOOD
930,IRWIN
931,WERNER
932,KRAUSE
933,PETTY
934,WHITNEY
935,BAIRD
936,HOOPER
937,POLLARD
938,ZAVALA
939,JARVIS
940,HOLDEN
941,HAAS
942,HENDRIX
943,MCGRATH
944,BIRD
945,LUCERO
946,TERRELL
947,RIGGS
948,JOYCE
949,MERCER
950,ROLLINS
951,GALLOWAY
952,DUKE
953,ODOM
954,ANDERSEN
955,DOWNS
956,HATFIELD
957,BENITEZ
958,ARCHER
959,HUERTA
960,TRAVIS
961,MCNEIL
962,HINTON
963,ZHANG
964,HAYS
965,MAYO
966,FRITZ
967,BRANCH
968,MOONEY
969,EWING
970,RITTER
971,ESPARZA
972,FREY
973,BRAUN
974,GAY
975,RIDDLE
976,HANEY
977,KAISER
978,HOLDER
979,CHANEY
980,MCKNIGHT
981,GAMBLE
982,VANG
983,COOLEY
984,CARNEY
985,COWAN
986,FORBES
987,FERRELL
988,DAVIES
989,BARAJAS
990,SHEA
991,OSBORN
992,BRIGHT
993,CUEVAS
994,BOLTON
995,MURILLO
996,LUTZ
997,DUARTE
998,KIDD
999,KEY
1000,COOKE
